{
  "continual_learning_10tasks": {
    "BWT": -0.017282621469685164,
    "FWT": 0.06060431010664938,
    "FAP": 0.05270398128851228,
    "avg_forgetting": 0.0203024934390542,
    "max_forgetting": 0.07535681873436323,
    "frozen_baselines": [
      0.47427699348594804,
      0.5295463699218422,
      0.4739961525356421,
      0.4824186162488833,
      0.8842522653023542,
      0.6813484218324002,
      0.6062175088212551,
      0.5610909692890329,
      0.20656155710149088,
      0.22945287865229758
    ],
    "performance_matrix": [
      [
        0.5169143698771952,
        0.4655644679440412,
        0.521915965630326,
        0.4457825952281146,
        0.8874133226798064,
        0.7092981654229542,
        0.5954301375538525,
        0.5543716034391902,
        0.26131969226776386,
        0.2719663063402539
      ],
      [
        0.5202450313893912,
        0.47841792766051816,
        0.48777075494500854,
        0.4922741483517664,
        0.9891580712358141,
        0.6521984309897264,
        0.5554608751922767,
        0.5291743888278079,
        0.4012257092224907,
        0.4137770555913805
      ],
      [
        0.5968517602644906,
        0.43636268183716104,
        0.4688497408925196,
        0.5137452574248764,
        0.9882418769441209,
        0.6973036927532359,
        0.5294186377741402,
        0.5207295442989422,
        0.4729019487135857,
        0.47632738801676594
      ],
      [
        0.4572075698701942,
        0.5307850173962544,
        0.43578852658404515,
        0.5585132193266958,
        0.9163929106873874,
        0.6975662305994542,
        0.4994147836221986,
        0.5093214645758151,
        0.6016115451148116,
        0.6039491904624782
      ],
      [
        0.5281062396944944,
        0.47878848391312295,
        0.49533277736872616,
        0.5181714993131388,
        0.962671484000118,
        0.6316658123819874,
        0.5111323112802223,
        0.49580357149765997,
        0.5343546822320676,
        0.543763944655454
      ],
      [
        0.44152609329127285,
        0.5829887351800991,
        0.45430245170451267,
        0.5350593595813706,
        0.9213820264800757,
        0.6577375626668686,
        0.5004498145103342,
        0.4929554781789635,
        0.6057023621871127,
        0.6139910480790873
      ],
      [
        0.4744672304476463,
        0.5321633503667349,
        0.5501351846602736,
        0.46683695410230885,
        0.9501773321956165,
        0.712588270010498,
        0.5324630837801635,
        0.525632062598958,
        0.7193333423686037,
        0.6907755201956338
      ],
      [
        0.44298055556164034,
        0.5234765458546976,
        0.5299987034933957,
        0.4566730413025307,
        0.9250559558255818,
        0.6666766752068719,
        0.5467727698773273,
        0.5227099789869213,
        0.6677875147322136,
        0.6479347325182646
      ],
      [
        0.5223240955988563,
        0.48487299474396267,
        0.5341960362100815,
        0.45399886162979375,
        0.9083069527890044,
        0.6735347351933799,
        0.5412261186911839,
        0.5206051769359972,
        0.48988972817884296,
        0.49131493544023613
      ],
      [
        0.524019249421009,
        0.4790719859266564,
        0.4922377646803556,
        0.4831564005923326,
        0.9235297991471478,
        0.6831807778681942,
        0.5246057033647323,
        0.5158755427631325,
        0.4216657908146886,
        0.43155691552041126
      ]
    ],
    "relative_performance_matrix": [
      [
        0.04263737639124715,
        0.0,
        0.04791981309468396,
        0.0,
        0.0031610573774522033,
        0.02794974359055402,
        0.0,
        0.0,
        0.05475813516627298,
        0.04251342768795635
      ],
      [
        0.045968037903443115,
        0.0,
        0.013774602409366454,
        0.009855532102883091,
        0.10490580593345988,
        0.0,
        0.0,
        0.0,
        0.1946641521209998,
        0.18432417693908293
      ],
      [
        0.12257476677854257,
        0.0,
        0.0,
        0.0313266411759931,
        0.10398961164176668,
        0.015955270920835707,
        0.0,
        0.0,
        0.26634039161209483,
        0.24687450936446836
      ],
      [
        0.0,
        0.0012386474744121578,
        0.0,
        0.07609460307781252,
        0.03214064538503314,
        0.01621780876705403,
        0.0,
        0.0,
        0.39504998801332075,
        0.3744963118101806
      ],
      [
        0.0538292462085464,
        0.0,
        0.021336624833084072,
        0.03575288306425545,
        0.0784192186977638,
        0.0,
        0.0,
        0.0,
        0.32779312513057673,
        0.3143110660031564
      ],
      [
        0.0,
        0.05344236525825685,
        0.0,
        0.052640743332487305,
        0.03712976117772149,
        0.0,
        0.0,
        0.0,
        0.39914080508562183,
        0.38453816942678976
      ],
      [
        0.00019023696169828685,
        0.0026169804448926692,
        0.07613903212463147,
        0.0,
        0.06592506689326227,
        0.031239848178097773,
        0.0,
        0.0,
        0.5127717852671128,
        0.46132264154333624
      ],
      [
        0.0,
        0.0,
        0.05600255095775364,
        0.0,
        0.04080369052322752,
        0.0,
        0.0,
        0.0,
        0.46122595763072277,
        0.41848185386596704
      ],
      [
        0.048047102112908247,
        0.0,
        0.0601998836744394,
        0.0,
        0.024054687486650184,
        0.0,
        0.0,
        0.0,
        0.2833281710773521,
        0.26186205678793856
      ],
      [
        0.04974225593506093,
        0.0,
        0.018241612144713537,
        0.0007377843434492881,
        0.0392775338447936,
        0.0018323560357940138,
        0.0,
        0.0,
        0.2151042337131977,
        0.20210403686811368
      ]
    ],
    "n_tasks": 10
  },
  "robustness_tests": {
    "noise_resilience": {
      "scores": [
        1.0,
        1.0,
        1.0
      ],
      "degradation": 0.0
    },
    "catastrophe_recovery": {
      "score": 1.0,
      "recovered": true
    },
    "extreme_conditions": {
      "sparse": 0.9214876033057852
    },
    "overall_robustness": 0.984297520661157
  },
  "baseline_comparison": {
    "your_system": 0.9144272227931363,
    "physics_baseline": 0.8602644354865383,
    "improvement_over_baseline": 0.06296062591029374
  },
  "overall_score": 36.90541977894572,
  "grade": "F - Failed",
  "brutal_assessment": "Does not demonstrate meaningful learning beyond physics.",
  "timestamp": "2026-04-07 17:44:28"
}