{
  "continual_learning_10tasks": {
    "BWT": 0.00269255339438593,
    "FWT": 0.019098771923834197,
    "FAP": 0.6502269759653025,
    "avg_forgetting": 0.01791818639168267,
    "max_forgetting": 0.10751339082474065,
    "performance_matrix": [
      [
        0.5742556278211534,
        0.40457673280163287,
        0.4788618156712784,
        0.5134739406926511,
        0.9687909789360922,
        0.7356428275973841,
        0.522934735390419,
        0.49416440393995964,
        0.27833449832672097,
        0.282164253929174
      ],
      [
        0.5584340519312793,
        0.44067362340560845,
        0.427091502249991,
        0.568237648510413,
        0.9130683212414209,
        0.7220692395519243,
        0.5172030106328369,
        0.5155351881147556,
        0.4343745944368409,
        0.43422253720032017
      ],
      [
        0.6087984904067489,
        0.42985823846002064,
        0.45479761395905055,
        0.5344066884083551,
        0.9685632250768,
        0.6580980041730126,
        0.528096890542888,
        0.5312744250547328,
        0.541094585010184,
        0.5326567846779454
      ],
      [
        0.32180476649146006,
        0.6339161223230362,
        0.4717478025340722,
        0.5123470706646762,
        0.9613048073670887,
        0.6154978112289444,
        0.5362341030830263,
        0.5378023007962007,
        0.6645563521946989,
        0.6507690763262597
      ],
      [
        0.5042084356781905,
        0.482970237036788,
        0.4856351795246795,
        0.5028059416344072,
        0.9405229197405817,
        0.6554797329616404,
        0.5456292194586652,
        0.5449239170152933,
        0.7044542906788993,
        0.6984151776464135
      ],
      [
        0.4779852630582463,
        0.520021358877254,
        0.5221162863668342,
        0.4856855145433361,
        0.9824564596027705,
        0.7066400767808495,
        0.5212199710315353,
        0.519101719494205,
        0.7480449657376994,
        0.7385377109940321
      ],
      [
        0.48017644884234667,
        0.5085607611071874,
        0.5523534201261591,
        0.46842821477638835,
        0.9794783676271891,
        0.6782046392678247,
        0.5171609956635543,
        0.5145324783196574,
        0.7809414625434348,
        0.7671689556366643
      ],
      [
        0.3776543360233856,
        0.607340381602554,
        0.5094801847065539,
        0.4948328415871976,
        0.8935149568857281,
        0.6169785297208745,
        0.49883145009512797,
        0.5084382245717224,
        0.830276796332156,
        0.8132699833389471
      ],
      [
        0.47853942632616936,
        0.5117295514110417,
        0.4486401906489891,
        0.5368872638752562,
        0.9713681498026336,
        0.6058285087609958,
        0.5227194524298258,
        0.5329660165724389,
        0.8962127446365303,
        0.8830034944958333
      ],
      [
        0.4667422369964127,
        0.5310147292648818,
        0.4784132349477397,
        0.5100112390383192,
        0.9554902233543953,
        0.6615961650120364,
        0.510790452358321,
        0.5151595717198053,
        0.9460640251012887,
        0.9269878818598244
      ]
    ],
    "n_tasks": 10
  },
  "robustness_tests": {
    "noise_resilience": {
      "scores": [
        1.0,
        1.0,
        1.0
      ],
      "degradation": 0.0
    },
    "catastrophe_recovery": {
      "score": 0.40425531914893614,
      "recovered": true
    },
    "extreme_conditions": {
      "sparse": 1.0
    },
    "overall_robustness": 0.8212765957446808
  },
  "baseline_comparison": {
    "your_system": 0.8997270813258391,
    "random_baseline": 0.7204394437314483,
    "improvement_over_random": 0.24885871970833157
  },
  "overall_score": 52.68459271663632,
  "grade": "D - Weak",
  "brutal_assessment": "Below academic standards. Fundamental issues detected.",
  "timestamp": "2026-03-18 15:09:53"
}