{
  "continual_learning_10tasks": {
    "BWT": -0.011782796917709762,
    "FWT": 0.010951048399524068,
    "FAP": 0.6564566503365526,
    "avg_forgetting": 0.02506870338358694,
    "max_forgetting": 0.07029192351572,
    "performance_matrix": [
      [
        0.3821616412710319,
        0.6030880328246708,
        0.6613793064947706,
        0.3409638376369526,
        0.7790455330000177,
        0.7402973911992694,
        0.5283322279299968,
        0.5272998941151996,
        0.6294337662016649,
        0.6209798030736576
      ],
      [
        0.42927267148354764,
        0.5718949316724856,
        0.49510229199377687,
        0.5007192958792157,
        0.9298381467065581,
        0.7058199739595776,
        0.5200356724043786,
        0.5114353724679107,
        0.6120544997466785,
        0.6034797683458651
      ],
      [
        0.5414434545055044,
        0.46618854348271616,
        0.5307429443211443,
        0.4896471165446428,
        0.9588012795400973,
        0.6936889711877954,
        0.5227980092192791,
        0.5155512484298228,
        0.6579389537170852,
        0.6466191324761985
      ],
      [
        0.33049609981427447,
        0.6384010857536366,
        0.49461903195248896,
        0.5188249844227086,
        0.9212014293770664,
        0.6851452056187043,
        0.5019120099129623,
        0.5084845735604456,
        0.7197686705786157,
        0.7265905872953382
      ],
      [
        0.47727083460971753,
        0.5254999220106089,
        0.48453375967175233,
        0.5228478073407414,
        0.9672212771275878,
        0.6894029806345523,
        0.5110264828966969,
        0.5148780860376974,
        0.7872827753565373,
        0.788040879185068
      ],
      [
        0.5072875612709051,
        0.48405259935934986,
        0.4566015222554542,
        0.5267067843689781,
        0.9818566957252679,
        0.6707822863294053,
        0.5206601412358174,
        0.519939493827124,
        0.8643796808067432,
        0.867690434850616
      ],
      [
        0.5535098210228757,
        0.45250836184353876,
        0.5136782416999459,
        0.48580741819386464,
        0.9709896291759286,
        0.640236101047163,
        0.5236333764896205,
        0.5187189813551791,
        0.9109955725125772,
        0.9101794860637678
      ],
      [
        0.44933074291412967,
        0.5356333842682547,
        0.5394120407898793,
        0.4680592137392147,
        0.9510214421752722,
        0.6382057264364761,
        0.5122666771020008,
        0.5053502339909294,
        0.9520696247924592,
        0.958854733908172
      ],
      [
        0.506918286499301,
        0.49204042226039607,
        0.5204548506012443,
        0.48142346756271054,
        0.9777388215610276,
        0.6279509327590109,
        0.4999168508270394,
        0.4931868824940085,
        1.0,
        1.0
      ],
      [
        0.5017347994639265,
        0.5016030081567656,
        0.5283424312629894,
        0.48353136530203783,
        0.9606413747301363,
        0.6150864775765222,
        0.4883595637480546,
        0.485267483125093,
        1.0,
        1.0
      ]
    ],
    "n_tasks": 10
  },
  "robustness_tests": {
    "noise_resilience": {
      "scores": [
        1.0,
        1.0,
        1.0
      ],
      "degradation": 0.0
    },
    "catastrophe_recovery": {
      "score": 0.384,
      "recovered": true
    },
    "extreme_conditions": {
      "sparse": 0.5294117647058824
    },
    "overall_robustness": 0.7210823529411765
  },
  "baseline_comparison": {
    "your_system": 0.6247683240868371,
    "random_baseline": 0.7788782906143077,
    "improvement_over_random": -0.19786142248992813
  },
  "overall_score": 43.64866235509384,
  "grade": "F - Failed",
  "brutal_assessment": "Does not demonstrate meaningful learning. Barely better than random.",
  "timestamp": "2026-03-18 10:07:44"
}