{
  "continual_learning_10tasks": {
    "BWT": 0.058564213919392344,
    "FWT": 0.0062333979713982725,
    "FAP": 0.10906329034128961,
    "avg_forgetting": 0.013711699297379094,
    "max_forgetting": 0.06355541985737112,
    "frozen_baselines": [
      0.7375140993317564,
      0.5197273825554952,
      0.4522845504439827,
      0.4182160154816602,
      0.19567446828290994,
      0.205915526930818,
      0.6206194093829528,
      0.646206068163507,
      0.46978564897023134,
      0.5109428550140734
    ],
    "performance_matrix": [
      [
        0.4747367033767544,
        0.5417657851131203,
        0.51536096485357,
        0.4441712030433053,
        0.21557808376077664,
        0.233833061221415,
        0.5942510823076128,
        0.5815268018781021,
        0.556860277954279,
        0.4635141505803785
      ],
      [
        0.5597009355582242,
        0.5832828024128663,
        0.4488952035063999,
        0.4465443095267158,
        0.3589632078761657,
        0.3695616655705165,
        0.5821409230183725,
        0.5217582775879914,
        0.571452589979557,
        0.4618308354146855
      ],
      [
        0.4356320658644194,
        0.570429320896259,
        0.4712690847104857,
        0.43459600257789066,
        0.4541529886756869,
        0.45501681165086344,
        0.5739621739671859,
        0.5022599117136306,
        0.43393611610545807,
        0.40996283662992916
      ],
      [
        0.40155956643518553,
        0.4804849459875564,
        0.5294023486340073,
        0.47227314801217873,
        0.3680254062693774,
        0.3645940931442682,
        0.5965898170353479,
        0.5679473612023369,
        0.5114580661661133,
        0.5005946158704234
      ],
      [
        0.5381105663145409,
        0.5602852229656569,
        0.4608230628418868,
        0.45204008131530865,
        0.35072888577311456,
        0.3504807331418775,
        0.5310568983569457,
        0.472236799100199,
        0.48772355947416707,
        0.48149785653205646
      ],
      [
        0.43005194205897934,
        0.5348845990113988,
        0.4753480063965069,
        0.4316563485477413,
        0.41717180613192606,
        0.42858215814440964,
        0.5986614068527165,
        0.5468729232452996,
        0.4599539879068814,
        0.41935861785538187
      ],
      [
        0.5500089439775288,
        0.5078868749914583,
        0.5127221763786434,
        0.5040509833547862,
        0.4996990323511865,
        0.5051685635858806,
        0.5618062025059363,
        0.49728431460041833,
        0.5040530829733876,
        0.49395194176739365
      ],
      [
        0.4666887062341473,
        0.6399562391111726,
        0.3893185145686481,
        0.42216088287360976,
        0.5505559173496609,
        0.5368487654198966,
        0.5598679726390954,
        0.4988435490991482,
        0.43242583334138923,
        0.4711644797537887
      ],
      [
        0.5298633663034722,
        0.5698737201249107,
        0.43954542497220483,
        0.4786775485091724,
        0.6257608492841973,
        0.6185312996800496,
        0.5835910685496231,
        0.518648573949483,
        0.5190224917504074,
        0.4233378215650252
      ],
      [
        0.39869036198854635,
        0.5170054694589155,
        0.4937666991510972,
        0.46166011697331405,
        0.7087891961867104,
        0.6985074522411451,
        0.5449758812317762,
        0.48697365135320325,
        0.44368879476443535,
        0.49939517498547237
      ]
    ],
    "relative_performance_matrix": [
      [
        0.0,
        0.022038402557625125,
        0.06307641440958728,
        0.02595518756164511,
        0.019903615477866704,
        0.027917534290597013,
        0.0,
        0.0,
        0.08707462898404761,
        0.0
      ],
      [
        0.0,
        0.06355541985737112,
        0.0,
        0.028328294045055602,
        0.16328873959325577,
        0.1636461386396985,
        0.0,
        0.0,
        0.1016669410093256,
        0.0
      ],
      [
        0.0,
        0.05070193834076375,
        0.018984534266502984,
        0.016379987096230453,
        0.25847852039277697,
        0.24910128472004545,
        0.0,
        0.0,
        0.0,
        0.0
      ],
      [
        0.0,
        0.0,
        0.07711779819002457,
        0.054057132530518526,
        0.17235093798646747,
        0.15867856621345022,
        0.0,
        0.0,
        0.041672417195881994,
        0.0
      ],
      [
        0.0,
        0.04055784041016164,
        0.008538512397904097,
        0.03382406583364844,
        0.15505441749020463,
        0.1445652062110595,
        0.0,
        0.0,
        0.017937910503935728,
        0.0
      ],
      [
        0.0,
        0.015157216455903622,
        0.02306345595252418,
        0.013440333066081112,
        0.22149733784901612,
        0.22266663121359165,
        0.0,
        0.0,
        0.0,
        0.0
      ],
      [
        0.0,
        0.0,
        0.06043762593466068,
        0.08583496787312594,
        0.3040245640682766,
        0.2992530366550626,
        0.0,
        0.0,
        0.03426743400315624,
        0.0
      ],
      [
        0.0,
        0.12022885655567739,
        0.0,
        0.003944867391949547,
        0.354881449066751,
        0.3309332384890786,
        0.0,
        0.0,
        0.0,
        0.0
      ],
      [
        0.0,
        0.050146337569415445,
        0.0,
        0.06046153302751217,
        0.4300863810012874,
        0.4126157727492316,
        0.0,
        0.0,
        0.04923684278017604,
        0.0
      ],
      [
        0.0,
        0.0,
        0.04148214870711453,
        0.04344410149165384,
        0.5131147279038005,
        0.4925919253103271,
        0.0,
        0.0,
        0.0,
        0.0
      ]
    ],
    "n_tasks": 10
  },
  "robustness_tests": {
    "noise_resilience": {
      "scores": [
        1.0,
        1.0,
        1.0
      ],
      "degradation": 0.0
    },
    "catastrophe_recovery": {
      "score": 0.6727272727272727,
      "recovered": true
    },
    "extreme_conditions": {
      "sparse": 0.9129720853858785
    },
    "overall_robustness": 0.8844125988953575
  },
  "baseline_comparison": {
    "your_system": 0.45311240982717527,
    "physics_baseline": 0.701887462201104,
    "improvement_over_baseline": -0.3544372364107709
  },
  "overall_score": 35.35658793011138,
  "grade": "F - Failed",
  "brutal_assessment": "Does not demonstrate meaningful learning beyond physics.",
  "timestamp": "2026-04-07 18:28:51"
}