{
  "level_1": {
    "score": 0.7364699546512253,
    "adaptations": [
      1.418819727907352,
      0.0,
      0.0
    ],
    "implicit_memory": 1.0,
    "status": "success"
  },
  "level_2": {
    "score": 0.0,
    "status": "extinct"
  },
  "level_3": {
    "score": 0.45714285714285713,
    "specialization": 0.8571428571428571,
    "coordination": 0,
    "information_distribution": 0.5,
    "status": "success"
  },
  "overall": {
    "score": 40.379812925251045,
    "grade": "F - Failed",
    "duration_minutes": 0.23283365
  }
}